
INSERT INTO `user_logins` (`ID_no`, `name`, `email`, `password`, `role`, `add_by`) VALUES
('00567', 'KIDANU	ADERA', 'adera@gmail.com', '1234kid', 'Officer', 'Ahmed Mehamedyesuf'),
('00605', 'DEGNET	GONCHE', 'gonchie@gmail.com', '1234deg', 'Officer', 'Ahmed Mehamedyesuf'),
('00607', 'BINIAM	EMEYE', 'emeye@gmail.com', '1234bin', 'Officer', 'Ahmed Mehamedyesuf'),
('00611', 'GURSHA	BELETF', 'beletf@gmail.com', '1234gur', 'Officer', 'Ahmed Mehamedyesuf'),
('00635', 'ASEBELIGN	CHEBUD', 'chebud@gmail.com', '1234ase', 'Officer', 'Ahmed Mehamedyesuf'),
('00641', 'DEJEN	KEBEDE', 'kebede@gmail.com', '1234dej', 'Officer', 'Ahmed Mehamedyesuf'),
('00654', 'GETINET	ZEWUDIE', 'zewudie@gmail.com', '1234get', 'Officer', 'Ahmed Mehamedyesuf');

 

INSERT INTO `distance_studs` (`ID_no`, `name`, `gender`, `year`, `college`, `department`, `status`) VALUES
('00663', 'ABRHAM BEKELE', 'Male', 4, 'Computing', 'Computer Science', 'on class'),
('00692', 'BIRHANU NIGUSE', 'Male', 3, 'Law', 'Law', 'on class'),
('00857', 'BZUAYEHU ASEGIDEW', 'Male', 2, 'Business', 'Acounting', 'on class'),	
('00911', 'NIBRET AWOKE', 'Male', 3, 'Agriculture', 'Agriculture Economics', 'on class'),
('00988', 'GELENA GEZMU', 'Male', 2, 'Social-Science', 'English', 'on class'),
('00441', 'ABEBAW HAYMANOT', 'Male', 3, 'Computational', 'Physics', 'on class');

INSERT INTO `extension_studs` (`ID_no`, `name`, `gender`, `year`, `college`, `department`, `status`) VALUES
('00578', 'KASSAHUN MENGIE', 'Male', 4, 'Computing', 'Software Engineering', 'on class'),
('00808', 'ATEFRACHEW SEYFU', 'Male', 2, 'Business', 'Management', 'on class'),
('00981', 'WENDU KEMAL', 'Male', 3, 'Agriculture', 'Animal  Science', 'on class'),
('01309', 'BELETE BELACHEW', 'Male', 1, 'Freshman', 'Social Freshman', 'on class'),
('02157', 'MELKAMU DERSO', 'Male', 3, 'Social-Science', 'Civics', 'on class'),
('02220', 'SILESH ALAMIR', 'Male', 2, 'Computational', 'Physics', 'on class');

 

INSERT INTO `regular_studs` (`ID_no`, `name`, `gender`, `year`, `college`, `department`, `status`) VALUES
('00310', 'ZINABU ABAY', 'Male', 2, 'Computational', 'Biology', 'on class'),
('00326', 'DANIAL MEBRAHTU', 'Male', 2, 'Computational', 'Mathematics', 'on class'),
('00359', 'ABRHAM GIRMAY', 'Male', 3, 'Agriculture', 'Horticulture', 'on class'),
('00378', 'KIFLOM KIDANEMARIAM', 'Male', 3, 'Agriculture', 'Plant Science', 'on class'),
('00383', 'BIRHANU GADISA', 'Male', 4, 'Computing', 'Information Technology', 'on class'),
('00393', 'ROBEL MELAKE', 'Male', 5, 'Engineering', 'Chemical Engineering', 'on class'),
('00397', 'ASKEBREW	AGEGNEHU', 'Male', 4, 'Social-Science', 'History', 'on class'),
('00417', 'JEMAL MEHAMED', 'Male', 4, 'Computing', 'Information System', 'on class'),
('00419', 'WONDIYFRAW ALEMIE', 'Male', 5, 'Engineering', 'Industrial Engineering', 'on class'),
('00422', 'DESTAW GEDAMU', 'Male', 2, 'Business', 'Economics', 'on class'),
('00424', 'GETNET GIRMA', 'Male', 1, 'Freshman', 'Social Freshman', 'on class'),
('00427', 'YENEW TAMIR', 'Male', 2, 'Business', 'Logistics', 'on class'),
('01129', 'HAFTOM TEKLAY', 'Male', 1, 'Freshman', 'Natural Freshman', 'on class');
 
INSERT INTO `employees` (`ID_no`, `name`, `gender`, `birth_date`, `employee_type`, `guarentor_name`, `guarentor_phone`, `level_of_education`, `job_title`, `age`, `salary`) VALUES
('00513', 'MARU WUBENEH', 'Male', '1994-04-05', 'Admin Staff', 'seid YENESEW', 955233556, 'Bachelor', 'Registrar officer', 28, NULL),
('00519', 'GIRMA ANIMUT', 'Male', '1990-04-05', 'Admin Staff', 'MULUNEH ali', 956233556, 'Bachelor', 'Law-Library', 32, NULL),
('00529', 'YENESEW	MULUNEH', 'Male', '1990-04-05', 'Admin Staff', 'MULUNEH ali', 956233556, 'Bachelor', 'Studet Residence', 32, NULL),
('00530', 'YIHUN	YIMENU', 'Male', '1990-04-05', 'Admin Staff', 'MULUNEH ali', 956233556, 'Bachelor', 'Dining', 32, NULL),
('00561', 'WENDMAYEWU	ASMARE', 'Male', '1990-04-05', 'Admin Staff', 'MULUNEH ali', 956233556, 'Bachelor', 'EngCollege Finance', 32, NULL),
('00563', 'BEAKAL	MITIKU', 'Male', '1990-04-05', 'Admin Staff', 'MULUNEH ali', 956233556, 'Bachelor', 'HRM', 32, NULL),
( '00567', 'KIDANU	ADERA', 'Male', '1990-04-05', 'Admin Staff', 'MULUNEH ali', 956233556, 'Bachelor', 'EngCollege Finance', 32, NULL),
('00570', 'MULUKEN JEMERE', 'Male', '1990-04-05', 'Admin Staff', 'MULUNEH ali', 956233556, 'Bachelor', 'Anti Corruption', 32, NULL),
('00654', 'GETINET	ZEWUDIE', 'Male', '1990-04-05', 'Admin Staff', 'MULUNEH ali', 956233556, 'Bachelor', 'Property Officer', 32, NULL),
('00641', 'DEJEN	KEBEDE', 'Male', '1990-04-05', 'Admin Staff', 'MULUNEH ali', 956233556, 'Bachelor', 'General Service', 32, NULL),
('00635', 'ASEBELIGN CHEBUD', 'Male', '1990-04-05', 'Admin Staff', 'MULUNEH ali', 956233556, 'Bachelor', 'Research officer', 32, NULL),
('00611', 'GURSHA	BELETF', 'Male', '1990-04-05', 'Admin Staff', 'MULUNEH ali', 956233556, 'Bachelor', 'ICT Property', 32, NULL),
('00607', 'BINIAM	EMEYE', 'Male', '1990-04-05', 'Admin Staff', 'MULUNEH ali', 956233556, 'Bachelor', 'Finance', 32, NULL),
('00605', 'DEGNET	GONCHE', 'Male', '1990-04-05', 'Admin Staff', 'MULUNEH ali', 956233556, 'Bachelor', 'Cashier', 32, NULL);

INSERT INTO `employees` (`ID_no`, `name`, `gender`, `birth_date`, `employee_type`, `guarentor_name`, `guarentor_phone`, `level_of_education`, `job_title`, `age`, `salary`) VALUES
( '00002', 'testHRM',  'Male', '1990-04-05', 'Admin Staff', 'MULUNEH ali', 956233556, 'Bachelor', 'HRM', 32, NULL),
( '00003', 'testLibrary',  'Male', '1990-04-05', 'Admin Staff', 'MULUNEH ali', 956233556, 'Bachelor', 'Main-Library', 32, NULL),
( '00004', 'testRegistrar',  'Male', '1990-04-05', 'Admin Staff', 'MULUNEH ali', 956233556, 'Bachelor', 'Registrar', 32, NULL),
( '00005', 'testDining',  'Male', '1990-04-05', 'Admin Staff', 'MULUNEH ali', 956233556, 'Bachelor', 'Dining', 32, NULL),


INSERT INTO `admin_staff` (`ID_no`, `name`, `gender`, `college`, `department`, `status`) VALUES
( '00002', 'testHRM', 'unspecified', 'Human-Resource-Directorate', 'HRM', 'On-Work'),
( '00003', 'testLibrary', 'Male', 'Library-Directorate', 'Main-Library', 'On-Work'),
( '00004', 'testRegistrar', 'unspecified', 'Human-Resource-Directorate', 'Registrar', 'On-Work'),
( '00005', 'testDining', 'unspecified', 'Human-Resource-Directorate', 'Dining', 'On-Work'),
('00513', 'MARU WUBENEH', 'Male', 'Human-Resource-Directorate', 'Registrar', 'On-Work'),
('00519', 'GIRMA	ANIMUT', 'Male', 'Library-Directorate', 'Law-Library', 'On-Work'),
('00529', 'YENESEW	MULUNEH', 'Male', 'Human-Resource-Directorate', 'StudResidence', 'On-Work'),
('00530', 'YIHUN	YIMENU', 'Male', 'Human-Resource-Directorate', 'Dining', 'On-Work'),
('00561', 'WENDMAYEWU	ASMARE', 'Male', 'Human-Resource-Directorate', 'EngCollege Finance', 'On-Work'),
('00563', 'BEAKAL	MITIKU', 'Male', 'Human-Resource-Directorate', 'HRM', 'On-Work'),
( '00567', 'KIDANU	ADERA', 'Male', 'Human-Resource-Directorate', 'Anti Corruption', 'On-Work'),
('00570', 'MULUKEN JEMERE', 'Male', 'Engineering', 'Mechanical  Engineering', 'On-Work'),
( '00605', 'DEGNET	GONCHE', 'Male', 'Finance-Directorate', 'Cashier', 'On-Work'),
( '00607', 'BINIAM	EMEYE', 'Male', 'Finance-Directorate', 'Finance', 'On-Work'),
( '00611', 'GURSHA	BELETF', 'Male', 'Human-Resource-Directorate', 'ICT Property', 'On-Work'),
('00635', 'ASEBELIGN CHEBUD', 'Male', 'Human-Resource-Directorate', 'Research', 'On-Work'),
( '00641', 'DEJEN	KEBEDE', 'Male', 'Human-Resource-Directorate', 'General Service', 'On-Work'),
( '00654', 'GETINET	ZEWUDIE', 'Male', 'Human-Resource-Directorate', 'Property Officer', 'On-Work');

